account_number,account_name,date,credit_amount,debit_amount,code,description,reference,memo,transaction_type,amount,transaction_id,category,confidence,match_reason,property_name,created_at,updated_at,modified_by,category_status
1050106268148,LUST RENTALS,2025-03-19 00:00:00,0.0,525.0,DDA51,Check,995251.0,Check #995251,expense,525.0,20250319_00082_expense,tax_preparation,0.0,No matching rule found,Lust Rentals LLC,2026-02-07 00:50:01,2026-02-09 05:45:13,web_user,overridden
1050106268148,LUST RENTALS,2025-04-16 00:00:00,0.0,275.0,DDA50,ACH Payment,,RUSS AND ASSOCIA ONLINE PMT CKFXXXXX2755POS,expense,275.0,20250416_00076_expense,tax_preparation,0.0,No matching rule found,Lust Rentals LLC,2026-02-06 21:14:00,2026-02-09 05:44:51,web_user,overridden
1050106268148,LUST RENTALS,2025-04-25 00:00:00,0.0,405.0,DDA51,Check,1116.0,Check #1116,expense,405.0,20250425_00074_expense,city_income_tax,0.0,No matching rule found,Lust Rentals LLC,2026-02-07 00:51:35,2026-02-09 05:46:56,web_user,overridden
1050106268148,LUST RENTALS,2025-08-05 00:00:00,0.0,449.99,DDA46,PIN Purchase,,XX6633 PIN PURCHASE 08/05 14:20 MICRO ELECTRONIC Columbus OH 99999999 643373,expense,449.99,20250805_00040_expense,supplies,0.0,No matching rule found,Lust Rentals LLC,2026-02-07 00:52:41,2026-02-07 00:52:41,web_user,overridden
1050106268148,LUST RENTALS,2025-09-15 00:00:00,0.0,81.0,DDA50,ACH Payment,,NEWARK CITY INCO ONLINE PMT CKFXXXXX2755POS,expense,81.0,20250915_00027_expense,city_income_tax,0.0,No matching rule found,Lust Rentals LLC,2026-02-07 01:22:52,2026-02-09 05:43:32,web_user,overridden
1050106268148,LUST RENTALS,2025-12-18 00:00:00,0.0,11.0,DDA50,ACH Payment,,NEWARK CITY INCO ONLINE PMT CKFXXXXX2755POS,expense,11.0,20251218_00001_expense,city_income_tax,0.0,No matching rule found,Lust Rentals LLC,2026-02-07 00:36:47,2026-02-09 05:43:04,web_user,overridden
