account_number,account_name,date,credit_amount,debit_amount,code,description,reference,memo,transaction_type,amount,transaction_id,category,confidence,match_reason,property_name,created_at,updated_at,modified_by,category_status
1050106268148,LUST RENTALS,2025-01-03 00:00:00,0.0,250.0,DDA50,ACH Payment,,COVENTRY CONDO A ONLINE PMT CKFXXXXX2755POS,expense,250.0,20250103_00098_expense,hoa,1.0,Matched rule: Coventry move HOA fee,966 Kinsbury Court,2026-02-07 00:57:53,2026-02-07 00:57:53,web_user,overridden
1050106268148,LUST RENTALS,2025-02-04 00:00:00,0.0,250.0,DDA50,ACH Payment,,COVENTRY CONDO A ONLINE PMT CKFXXXXX2755POS,expense,250.0,20250204_00093_expense,hoa,1.0,Matched rule: Coventry move HOA fee,966 Kinsbury Court,2026-02-07 01:30:46,2026-02-07 01:30:46,web_user,overridden
1050106268148,LUST RENTALS,2025-02-20 00:00:00,0.0,870.69,DDA50,ACH Payment,,LICKING COUNTY T ONLINE PMT CKFXXXXX2755POS,expense,870.69,20250220_00091_expense,property_tax,0.0,No matching rule found,966 Kinsbury Court,2026-02-07 01:17:36,2026-02-09 05:45:25,web_user,overridden
1050106268148,LUST RENTALS,2025-03-04 00:00:00,0.0,250.0,DDA50,ACH Payment,,COVENTRY CONDO A ONLINE PMT CKFXXXXX2755POS,expense,250.0,20250304_00086_expense,hoa,1.0,Matched rule: Coventry move HOA fee,966 Kinsbury Court,2026-02-07 01:30:53,2026-02-07 01:30:53,web_user,overridden
1050106268148,LUST RENTALS,2025-04-04 00:00:00,0.0,250.0,DDA50,ACH Payment,,COVENTRY CONDO A ONLINE PMT CKFXXXXX2755POS,expense,250.0,20250404_00078_expense,hoa,1.0,Matched rule: Coventry move HOA fee,966 Kinsbury Court,2026-02-07 01:30:59,2026-02-07 01:30:59,web_user,overridden
1050106268148,LUST RENTALS,2025-05-02 00:00:00,0.0,250.0,DDA50,ACH Payment,,COVENTRY CONDO A ONLINE PMT CKFXXXXX2755POS,expense,250.0,20250502_00071_expense,hoa,1.0,Matched rule: Coventry move HOA fee,966 Kinsbury Court,2026-02-07 01:30:36,2026-02-07 01:30:36,web_user,overridden
1050106268148,LUST RENTALS,2025-05-05 00:00:00,0.0,58.96,DDA46,PIN Purchase,,XX6633 PIN PURCHASE 05/04 13:11 THE HOME DEPOT # NEWARK OH 06222773 512430000895,expense,58.96,20250505_00070_expense,supplies,1.0,Matched rule: Home Depot Repair,966 Kinsbury Court,2026-02-07 00:33:37,2026-02-07 00:33:37,web_user,overridden
1050106268148,LUST RENTALS,2025-06-02 00:00:00,0.0,244.0,DDA50,ACH Payment,,STATE FARM INS ONLINE PMT CKFXXXXX2755POS,expense,244.0,20250602_00065_expense,insurance,0.95,Matched merchant: 'state farm',966 Kinsbury Court,2026-02-07 01:22:17,2026-02-09 05:02:30,web_user,overridden
1050106268148,LUST RENTALS,2025-06-04 00:00:00,0.0,250.0,DDA50,ACH Payment,,COVENTRY CONDO A ONLINE PMT CKFXXXXX2755POS,expense,250.0,20250604_00062_expense,hoa,1.0,Matched rule: Coventry move HOA fee,966 Kinsbury Court,2026-02-07 01:30:23,2026-02-07 01:30:23,web_user,overridden
1050106268148,LUST RENTALS,2025-06-27 00:00:00,0.0,47.17,DDA46,PIN Purchase,,XX6633 PIN PURCHASE 06/27 13:37 THE HOME DEPOT # NEWARK OH 06222773 517878002626,expense,47.17,20250627_00057_expense,repairs,1.0,Matched rule: Home Depot Repair,966 Kinsbury Court,2026-02-07 00:34:05,2026-02-07 00:34:17,web_user,overridden
1050106268148,LUST RENTALS,2025-07-03 00:00:00,0.0,250.0,DDA50,ACH Payment,,COVENTRY CONDO A ONLINE PMT CKFXXXXX2755POS,expense,250.0,20250703_00052_expense,hoa,1.0,Matched rule: Coventry move HOA fee,966 Kinsbury Court,2026-02-07 01:30:15,2026-02-07 01:30:15,web_user,overridden
1050106268148,LUST RENTALS,2025-07-16 00:00:00,0.0,870.69,DDA50,ACH Payment,,LICKING COUNTY T ONLINE PMT CKFXXXXX2755POS,expense,870.69,20250716_00049_expense,property_tax,0.0,No matching rule found,966 Kinsbury Court,2026-02-07 01:17:16,2026-02-09 05:43:56,web_user,overridden
1050106268148,LUST RENTALS,2025-07-29 00:00:00,0.0,36.43,DDA47,Signature Point of Sale,,XX6633 PURCHASE 07/28 20:26 AMAZON MKTPL*WZ2 Amzn.com/bill WA 00000000 056027,expense,36.43,20250729_00045_expense,supplies,0.0,No matching rule found,966 Kinsbury Court,2026-02-07 00:34:36,2026-02-07 00:34:36,web_user,overridden
1050106268148,LUST RENTALS,2025-07-30 00:00:00,0.0,10.71,DDA47,Signature Point of Sale,,XX6633 PURCHASE 07/29 17:53 AMAZON MKTPL*TX3 Amzn.com/bill WA 00000000 095872,expense,10.71,20250730_00044_expense,supplies,0.0,No matching rule found,966 Kinsbury Court,2026-02-07 00:37:21,2026-02-07 00:37:21,web_user,overridden
1050106268148,LUST RENTALS,2025-08-04 00:00:00,0.0,250.0,DDA50,ACH Payment,,COVENTRY CONDO A ONLINE PMT CKFXXXXX2755POS,expense,250.0,20250804_00042_expense,hoa,1.0,Matched rule: Coventry move HOA fee,966 Kinsbury Court,2026-02-07 01:29:37,2026-02-07 01:29:37,web_user,overridden
1050106268148,LUST RENTALS,2025-08-06 00:00:00,0.0,69.3,DDA47,Signature Point of Sale,,XX6633 PURCHASE 08/06 02:43 AMAZON MKTPL*IU2 Amzn.com/bill WA 00000000 051508,expense,69.3,20250806_00039_expense,supplies,0.55,Monthly bill amount heuristic,966 Kinsbury Court,2026-02-07 00:00:21,2026-02-07 00:00:21,web_user,overridden
1050106268148,LUST RENTALS,2025-08-06 00:00:00,0.0,139.99,DDA47,Signature Point of Sale,,XX6633 PURCHASE 08/06 02:43 Amazon.com*9Y28P Amzn.com/bill WA 00000000 062580,expense,139.99,20250806_00038_expense,supplies,0.55,Monthly bill amount heuristic,966 Kinsbury Court,2026-02-07 00:00:21,2026-02-07 01:23:44,web_user,overridden
1050106268148,LUST RENTALS,2025-08-08 00:00:00,0.0,69.95,DDA47,Signature Point of Sale,,XX6633 PURCHASE 08/08 12:53 AMAZON MKTPL*6K1 Amzn.com/bill WA 00000000 080271,expense,69.95,20250808_00037_expense,repairs,0.55,Monthly bill amount heuristic,966 Kinsbury Court,2026-02-06 21:12:48,2026-02-06 21:12:48,web_user,overridden
1050106268148,LUST RENTALS,2025-08-15 00:00:00,0.0,62.88,DDA47,Signature Point of Sale,,XX6633 PURCHASE 08/13 18:33 AMAZON MKTPL*F00 Amzn.com/bill WA 00000000 017765,expense,62.88,20250815_00036_expense,supplies,0.55,Monthly bill amount heuristic,966 Kinsbury Court,2026-02-07 00:01:06,2026-02-07 00:01:06,web_user,overridden
1050106268148,LUST RENTALS,2025-08-15 00:00:00,0.0,10.84,DDA50,ACH Payment,,AMER ELECTRIC ONLINE PMT CKFXXXXX2755POS,expense,10.84,20250815_00035_expense,utilities,0.95,Matched merchant: 'electric',966 Kinsbury Court,2026-02-07 00:37:06,2026-02-07 00:37:06,web_user,overridden
1050106268148,LUST RENTALS,2025-08-15 00:00:00,0.0,24.2,DDA50,ACH Payment,,THE ENERGY COOP ONLINE PMT CKFXXXXX2755POS,expense,24.2,20250815_00034_expense,utilities,0.0,No matching rule found,966 Kinsbury Court,2026-02-08 18:19:52,2026-02-08 18:19:52,web_user,overridden
1050106268148,LUST RENTALS,2025-08-21 00:00:00,0.0,71.25,DDA46,PIN Purchase,,XX6633 PIN PURCHASE 08/21 10:59 THE HOME DEPOT # NEWARK OH 06222774 523379002532,expense,71.25,20250821_00033_expense,supplies,1.0,Matched rule: Home Depot Repair,966 Kinsbury Court,2026-02-07 00:52:08,2026-02-07 00:52:08,web_user,overridden
1050106268148,LUST RENTALS,2025-09-22 00:00:00,0.0,246.66,DDA47,Signature Point of Sale,,XX6633 PURCHASE 09/20 08:05 AMAZON.COM*BH6JS SEATTLE WA 00000101 3T3UTB0XQJTK,expense,246.66,20250922_00026_expense,supplies,0.0,No matching rule found,966 Kinsbury Court,2026-02-07 01:21:55,2026-02-07 01:21:55,web_user,overridden
1050106268148,LUST RENTALS,2025-09-25 00:00:00,0.0,10.17,DDA46,PIN Purchase,,XX6633 PIN PURCHASE 09/25 17:05 THE HOME DEPOT # NEWARK OH 06222761 526835002479,expense,10.17,20250925_00025_expense,supplies,1.0,Matched rule: Home Depot Repair,966 Kinsbury Court,2026-02-07 00:37:44,2026-02-07 00:37:44,web_user,overridden
1050106268148,LUST RENTALS,2025-09-26 00:00:00,0.0,214.5,DDA47,Signature Point of Sale,,XX6633 PURCHASE 09/25 22:23 Amazon.com*JH0UK Amzn.com/bill WA 00000000 081460,expense,214.5,20250926_00022_expense,supplies,0.55,Monthly bill amount heuristic,966 Kinsbury Court,2026-02-07 00:01:06,2026-02-07 00:01:06,web_user,overridden
1050106268148,LUST RENTALS,2025-10-03 00:00:00,0.0,250.0,DDA50,ACH Payment,,COVENTRY CONDO A ONLINE PMT CKFXXXXX2755POS,expense,250.0,20251003_00019_expense,hoa,1.0,Matched rule: Coventry move HOA fee,966 Kinsbury Court,2026-02-07 01:29:20,2026-02-07 01:29:20,web_user,overridden
1050106268148,LUST RENTALS,2025-10-06 00:00:00,0.0,15.54,DDA47,Signature Point of Sale,,XX6633 PURCHASE 10/04 20:23 Amazon.com*NV28P Amzn.com/bill WA 00000000 014970,expense,15.54,20251006_00017_expense,supplies,0.0,No matching rule found,966 Kinsbury Court,2026-02-07 00:38:17,2026-02-07 00:38:17,web_user,overridden
1050106268148,LUST RENTALS,2025-10-16 00:00:00,0.0,27.85,DDA47,Signature Point of Sale,,XX6633 PURCHASE 10/16 13:20 AMAZON.COM*NM54F SEATTLE WA 00000101 3NWNM3UYSOWW,expense,27.85,20251016_00016_expense,supplies,0.0,No matching rule found,966 Kinsbury Court,2026-02-07 00:34:56,2026-02-07 00:34:56,web_user,overridden
1050106268148,LUST RENTALS,2025-11-04 00:00:00,0.0,250.0,DDA50,ACH Payment,,COVENTRY CONDO A ONLINE PMT CKFXXXXX2755POS,expense,250.0,20251104_00010_expense,hoa,1.0,Matched rule: Coventry move HOA fee,966 Kinsbury Court,2026-02-07 01:29:01,2026-02-07 01:29:01,web_user,overridden
1050106268148,LUST RENTALS,2025-12-04 00:00:00,0.0,250.0,DDA50,ACH Payment,,COVENTRY CONDO A ONLINE PMT CKFXXXXX2755POS,expense,250.0,20251204_00004_expense,hoa,1.0,Matched rule: Coventry move HOA fee,966 Kinsbury Court,2026-02-07 01:21:24,2026-02-07 01:21:24,web_user,overridden
1050106268148,LUST RENTALS,2025-12-15 00:00:00,0.0,22.19,DDA47,Signature Point of Sale,,XX6633 PURCHASE 12/14 17:46 DNH GODADDY#3970 480-5058855 AZ 29283000 024048,expense,22.19,20251215_00002_expense,supplies,0.0,No matching rule found,966 Kinsbury Court,2026-02-07 00:35:15,2026-02-07 00:35:15,web_user,overridden
