Line,Description,Amount
1,Rental income,34355.61
2,Royalties,0.0
3,Other income,0.0
4,Insurance,2749.0
5,Mortgage interest,0.0
6,Other interest,0.0
7,Repairs,775.0
8,Taxes,4914.66
9,Other expenses,6495.07
10,Depreciation,0.0
11,Total expenses,14933.73
12,Net income/loss,19421.88
property_summary,,"[{'property_name': '118 W Shields St', 'rental_income': 13295.0, 'transaction_count': 21, 'overridden': 13, 'rule_applied': 8, 'mapped': 0, 'manual_review': 0, 'mapping_missing': 0}, {'property_name': '41 26th St', 'rental_income': 13260.61, 'transaction_count': 13, 'overridden': 0, 'rule_applied': 13, 'mapped': 0, 'manual_review': 0, 'mapping_missing': 0}, {'property_name': '966 Kinsbury Court', 'rental_income': 7800.0, 'transaction_count': 5, 'overridden': 2, 'rule_applied': 3, 'mapped': 0, 'manual_review': 0, 'mapping_missing': 0}]"
