account_number,account_name,date,credit_amount,debit_amount,code,description,reference,memo,transaction_type,amount,transaction_id,category,confidence,match_reason,property_name,created_at,updated_at,modified_by,category_status
1050106268148,LUST RENTALS,2025-12-18,0.0,11.0,DDA50,ACH Payment,,NEWARK CITY INCO ONLINE PMT CKFXXXXX2755POS,expense,11.0,20251218_00001_expense,other,0.0,No matching rule found,,,,,original
1050106268148,LUST RENTALS,2025-12-15,0.0,22.19,DDA47,Signature Point of Sale,,XX6633 PURCHASE 12/14 17:46 DNH GODADDY#3970 480-5058855 AZ 29283000 024048,expense,22.19,20251215_00002_expense,other,0.0,No matching rule found,,,,,original
1050106268148,LUST RENTALS,2025-12-01,0.0,115.0,DDA50,ACH Payment,,DAVE RILEY DRAIN ONLINE PMT CKFXXXXX2755POS,expense,115.0,20251201_00006_expense,other,0.0,No matching rule found,,,,,original
1050106268148,LUST RENTALS,2025-10-16,0.0,27.85,DDA47,Signature Point of Sale,,XX6633 PURCHASE 10/16 13:20 AMAZON.COM*NM54F SEATTLE WA 00000101 3NWNM3UYSOWW,expense,27.85,20251016_00016_expense,other,0.0,No matching rule found,,,,,original
1050106268148,LUST RENTALS,2025-10-06,0.0,15.54,DDA47,Signature Point of Sale,,XX6633 PURCHASE 10/04 20:23 Amazon.com*NV28P Amzn.com/bill WA 00000000 014970,expense,15.54,20251006_00017_expense,other,0.0,No matching rule found,,,,,original
1050106268148,LUST RENTALS,2025-09-22,0.0,246.66,DDA47,Signature Point of Sale,,XX6633 PURCHASE 09/20 08:05 AMAZON.COM*BH6JS SEATTLE WA 00000101 3T3UTB0XQJTK,expense,246.66,20250922_00026_expense,other,0.0,No matching rule found,,,,,original
1050106268148,LUST RENTALS,2025-09-15,0.0,81.0,DDA50,ACH Payment,,NEWARK CITY INCO ONLINE PMT CKFXXXXX2755POS,expense,81.0,20250915_00027_expense,other,0.0,No matching rule found,,,,,original
1050106268148,LUST RENTALS,2025-08-15,0.0,24.2,DDA50,ACH Payment,,THE ENERGY COOP ONLINE PMT CKFXXXXX2755POS,expense,24.2,20250815_00034_expense,other,0.0,No matching rule found,966 Kinsbury Court,,,,original
1050106268148,LUST RENTALS,2025-08-05,0.0,449.99,DDA46,PIN Purchase,,XX6633 PIN PURCHASE 08/05 14:20 MICRO ELECTRONIC Columbus OH 99999999 643373,expense,449.99,20250805_00040_expense,other,0.0,No matching rule found,,,,,original
1050106268148,LUST RENTALS,2025-07-30,0.0,10.71,DDA47,Signature Point of Sale,,XX6633 PURCHASE 07/29 17:53 AMAZON MKTPL*TX3 Amzn.com/bill WA 00000000 095872,expense,10.71,20250730_00044_expense,other,0.0,No matching rule found,,,,,original
1050106268148,LUST RENTALS,2025-07-29,0.0,36.43,DDA47,Signature Point of Sale,,XX6633 PURCHASE 07/28 20:26 AMAZON MKTPL*WZ2 Amzn.com/bill WA 00000000 056027,expense,36.43,20250729_00045_expense,other,0.0,No matching rule found,,,,,original
1050106268148,LUST RENTALS,2025-07-16,0.0,935.85,DDA50,ACH Payment,,LICKING COUNTY T ONLINE PMT CKFXXXXX2755POS,expense,935.85,20250716_00048_expense,other,0.0,No matching rule found,,,,,original
1050106268148,LUST RENTALS,2025-07-16,0.0,870.69,DDA50,ACH Payment,,LICKING COUNTY T ONLINE PMT CKFXXXXX2755POS,expense,870.69,20250716_00049_expense,other,0.0,No matching rule found,,,,,original
1050106268148,LUST RENTALS,2025-07-16,0.0,650.79,DDA50,ACH Payment,,LICKING COUNTY T ONLINE PMT CKFXXXXX2755POS,expense,650.79,20250716_00050_expense,other,0.0,No matching rule found,,,,,original
1050106268148,LUST RENTALS,2025-06-24,0.0,160.0,DDA51,Check,1037.0,Check #1037,expense,160.0,20250624_00059_expense,other,0.0,No matching rule found,,,,,original
1050106268148,LUST RENTALS,2025-06-09,0.0,100.0,DDA51,Check,1157.0,Check #1157,expense,100.0,20250609_00061_expense,other,0.0,No matching rule found,,,,,original
1050106268148,LUST RENTALS,2025-05-12,0.0,240.0,DDA51,Check,1118.0,Check #1118,expense,240.0,20250512_00068_expense,other,0.0,No matching rule found,,,,,original
1050106268148,LUST RENTALS,2025-05-06,0.0,120.0,DDA51,Check,1117.0,Check #1117,expense,120.0,20250506_00069_expense,other,0.0,No matching rule found,,,,,original
1050106268148,LUST RENTALS,2025-04-25,0.0,405.0,DDA51,Check,1116.0,Check #1116,expense,405.0,20250425_00074_expense,other,0.0,No matching rule found,,,,,original
1050106268148,LUST RENTALS,2025-04-02,0.0,140.0,DDA50,ACH Payment,,BURT TEAGUE ONLINE PMT CKFXXXXX2755POS,expense,140.0,20250402_00079_expense,other,0.0,No matching rule found,,,,,original
1050106268148,LUST RENTALS,2025-03-19,0.0,525.0,DDA51,Check,995251.0,Check #995251,expense,525.0,20250319_00082_expense,other,0.0,No matching rule found,,,,,original
1050106268148,LUST RENTALS,2025-02-20,0.0,935.85,DDA50,ACH Payment,,LICKING COUNTY T ONLINE PMT CKFXXXXX2755POS,expense,935.85,20250220_00090_expense,other,0.0,No matching rule found,,,,,original
1050106268148,LUST RENTALS,2025-02-20,0.0,870.69,DDA50,ACH Payment,,LICKING COUNTY T ONLINE PMT CKFXXXXX2755POS,expense,870.69,20250220_00091_expense,other,0.0,No matching rule found,,,,,original
