account_number,account_name,date,credit_amount,debit_amount,code,description,reference,memo,transaction_type,amount,transaction_id,category,confidence,match_reason,property_name,created_at,updated_at,modified_by,category_status
1050106268148,LUST RENTALS,2025-01-22 00:00:00,0.0,833.0,DDA50,ACH Payment,,STATE FARM ONLINE PMT CKFXXXXX2755POS,expense,833.0,20250122_00097_expense,insurance,0.95,Matched merchant: 'state farm',118 W Shields St,2026-02-07 01:14:56,2026-02-07 01:14:56,web_user,overridden
1050106268148,LUST RENTALS,2025-02-20 00:00:00,0.0,650.79,DDA50,ACH Payment,,LICKING COUNTY T ONLINE PMT CKFXXXXX2755POS,expense,650.79,20250220_00092_expense,taxes,0.0,No matching rule found,118 W Shields St,2026-02-07 00:01:06,2026-02-07 01:18:50,web_user,overridden
1050106268148,LUST RENTALS,2025-04-02 00:00:00,0.0,140.0,DDA50,ACH Payment,,BURT TEAGUE ONLINE PMT CKFXXXXX2755POS,expense,140.0,20250402_00079_expense,maintenance,0.0,No matching rule found,118 W Shields St,2026-02-07 01:24:15,2026-02-07 01:24:15,web_user,overridden
1050106268148,LUST RENTALS,2025-06-02 00:00:00,0.0,244.0,DDA50,ACH Payment,,STATE FARM INS ONLINE PMT CKFXXXXX2755POS,expense,244.0,20250602_00065_expense,insurance,0.95,Matched merchant: 'state farm',118 W Shields St,2026-02-07 01:22:17,2026-02-07 01:22:17,web_user,overridden
1050106268148,LUST RENTALS,2025-06-09 00:00:00,0.0,100.0,DDA51,Check,1157.0,Check #1157,expense,100.0,20250609_00061_expense,repairs,0.0,No matching rule found,118 W Shields St,2026-02-07 01:30:01,2026-02-07 01:30:01,web_user,overridden
1050106268148,LUST RENTALS,2025-07-16 00:00:00,0.0,650.79,DDA50,ACH Payment,,LICKING COUNTY T ONLINE PMT CKFXXXXX2755POS,expense,650.79,20250716_00050_expense,taxes,0.0,No matching rule found,118 W Shields St,2026-02-07 01:18:26,2026-02-07 01:18:26,web_user,overridden
1050106268148,LUST RENTALS,2025-07-23 00:00:00,0.0,8.91,DDA47,Signature Point of Sale,,XX6633 PURCHASE 07/21 12:20 THE HOME DEPOT # NEWARK OH 00000000 040468,expense,8.91,20250723_00046_expense,supplies,1.0,Matched rule: Home Depot Repair,118 W Shields St,2026-02-07 00:37:58,2026-02-07 00:37:58,web_user,overridden
1050106268148,LUST RENTALS,2025-11-13 00:00:00,0.0,115.0,DDA50,ACH Payment,,DAVE RILEY DRAIN ONLINE PMT CKFXXXXX2755POS,expense,115.0,20251113_00008_expense,repairs,0.0,No matching rule found,118 W Shields St,2026-02-06 23:59:41,2026-02-06 23:59:41,web_user,overridden
1050106268148,LUST RENTALS,2025-12-01 00:00:00,0.0,115.0,DDA50,ACH Payment,,DAVE RILEY DRAIN ONLINE PMT CKFXXXXX2755POS,expense,115.0,20251201_00006_expense,maintenance,0.0,No matching rule found,118 W Shields St,2026-02-07 01:23:31,2026-02-07 01:23:31,web_user,overridden
1050106268148,LUST RENTALS,2025-12-19 00:00:00,0.0,851.0,DDA50,ACH Payment,,STATE FARM ONLINE PMT CKFXXXXX2755POS,expense,851.0,20251219_00000_expense,insurance,0.95,Matched merchant: 'state farm',118 W Shields St,2026-02-06 20:33:02,2026-02-07 01:20:52,web_user,overridden
