account_number,account_name,date,credit_amount,debit_amount,code,description,reference,memo,transaction_type,amount,transaction_id,category,confidence,match_reason,property_name,created_at,updated_at,modified_by,category_status
1050106268148,LUST RENTALS,2025-02-20 00:00:00,0.0,935.85,DDA50,ACH Payment,,LICKING COUNTY T ONLINE PMT CKFXXXXX2755POS,expense,935.85,20250220_00090_expense,insurance,0.0,No matching rule found,41 26th St,2026-02-07 01:16:31,2026-02-07 01:16:31,web_user,overridden
1050106268148,LUST RENTALS,2025-03-04 00:00:00,0.0,821.0,DDA50,ACH Payment,,STATE FARM ONLINE PMT CKFXXXXX2755POS,expense,821.0,20250304_00085_expense,insurance,0.95,Matched merchant: 'state farm',41 26th St,2026-02-07 01:19:19,2026-02-07 01:19:19,web_user,overridden
1050106268148,LUST RENTALS,2025-05-06 00:00:00,0.0,120.0,DDA51,Check,1117.0,Check #1117,expense,120.0,20250506_00069_expense,maintenance,0.0,No matching rule found,41 26th St,2026-02-07 00:48:07,2026-02-07 00:48:07,web_user,overridden
1050106268148,LUST RENTALS,2025-05-12 00:00:00,0.0,240.0,DDA51,Check,1118.0,Check #1118,expense,240.0,20250512_00068_expense,maintenance,0.0,No matching rule found,41 26th St,2026-02-07 00:46:54,2026-02-07 00:46:54,web_user,overridden
1050106268148,LUST RENTALS,2025-05-15 00:00:00,0.0,201.0,DDA50,ACH Payment,,GREEN PRO LAWNS ONLINE PMT CKFXXXXX2755POS,expense,201.0,20250515_00067_expense,landscaping,1.0,Matched rule: Green Pro Lawns to 26thst,41 26th St,,,,original
1050106268148,LUST RENTALS,2025-06-18 00:00:00,0.0,92.86,DDA50,ACH Payment,,GREEN PRO LAWNS ONLINE PMT CKFXXXXX2755POS,expense,92.86,20250618_00060_expense,landscaping,1.0,Matched rule: Green Pro Lawns to 26thst,41 26th St,,,,original
1050106268148,LUST RENTALS,2025-06-24 00:00:00,0.0,160.0,DDA51,Check,1037.0,Check #1037,expense,160.0,20250624_00059_expense,maintenance,0.0,No matching rule found,41 26th St,2026-02-07 00:57:37,2026-02-07 00:57:37,web_user,overridden
1050106268148,LUST RENTALS,2025-06-27 00:00:00,0.0,19.58,DDA46,PIN Purchase,,XX6633 PIN PURCHASE 06/27 15:29 THE HOME DEPOT # NEWARK OH 06222761 517801000417,expense,19.58,20250627_00058_expense,supplies,1.0,Matched rule: Home Depot Repair,41 26th St,2026-02-07 00:35:38,2026-02-07 00:35:38,web_user,overridden
1050106268148,LUST RENTALS,2025-07-16 00:00:00,0.0,935.85,DDA50,ACH Payment,,LICKING COUNTY T ONLINE PMT CKFXXXXX2755POS,expense,935.85,20250716_00048_expense,taxes,0.0,No matching rule found,41 26th St,2026-02-07 01:16:46,2026-02-07 01:16:46,web_user,overridden
1050106268148,LUST RENTALS,2025-09-04 00:00:00,0.0,250.0,DDA50,ACH Payment,,COVENTRY CONDO A ONLINE PMT CKFXXXXX2755POS,expense,250.0,20250904_00029_expense,hoa,1.0,Matched rule: Coventry move HOA fee,41 26th St,2026-02-07 01:29:27,2026-02-07 01:29:27,web_user,overridden
1050106268148,LUST RENTALS,2025-09-26 00:00:00,0.0,11.53,DDA46,PIN Purchase,,XX6633 PIN PURCHASE 09/26 13:15 THE HOME DEPOT # NEWARK OH 06222710 526906000080,expense,11.53,20250926_00023_expense,repairs,1.0,Matched rule: Home Depot Repair,41 26th St,2026-02-07 00:36:05,2026-02-07 00:36:05,web_user,overridden
1050106268148,LUST RENTALS,2025-10-16 00:00:00,0.0,60.61,DDA50,ACH Payment,,GREEN PRO LAWNS ONLINE PMT CKFXXXXX2755POS,expense,60.61,20251016_00015_expense,landscaping,1.0,Matched rule: Green Pro Lawns to 26thst,41 26th St,,,,original
