account_number,account_name,date,credit_amount,debit_amount,code,description,reference,memo,transaction_type,amount,transaction_id,category,confidence,match_reason,property_name,created_at,updated_at,modified_by,category_status
1050106268148,LUST RENTALS,2025-08-06 00:00:00,0.0,69.3,DDA47,Signature Point of Sale,,XX6633 PURCHASE 08/06 02:43 AMAZON MKTPL*IU2 Amzn.com/bill WA 00000000 051508,expense,69.3,20250806_00039_expense,supplies,0.55,Monthly bill amount heuristic,966 Kinsbury Court,2026-02-07 00:00:21,2026-02-07 00:00:21,web_user,overridden
1050106268148,LUST RENTALS,2025-08-08 00:00:00,0.0,69.95,DDA47,Signature Point of Sale,,XX6633 PURCHASE 08/08 12:53 AMAZON MKTPL*6K1 Amzn.com/bill WA 00000000 080271,expense,69.95,20250808_00037_expense,repairs,0.55,Monthly bill amount heuristic,966 Kinsbury Court,2026-02-06 21:12:48,2026-02-06 21:12:48,web_user,overridden
1050106268148,LUST RENTALS,2025-08-15 00:00:00,0.0,24.2,DDA50,ACH Payment,,THE ENERGY COOP ONLINE PMT CKFXXXXX2755POS,expense,24.2,20250815_00034_expense,other,0.0,No matching rule found,966 Kinsbury Court,,,,original
1050106268148,LUST RENTALS,2025-08-15 00:00:00,0.0,62.88,DDA47,Signature Point of Sale,,XX6633 PURCHASE 08/13 18:33 AMAZON MKTPL*F00 Amzn.com/bill WA 00000000 017765,expense,62.88,20250815_00036_expense,supplies,0.55,Monthly bill amount heuristic,966 Kinsbury Court,2026-02-07 00:01:06,2026-02-07 00:01:06,web_user,overridden
1050106268148,LUST RENTALS,2025-09-26 00:00:00,0.0,214.5,DDA47,Signature Point of Sale,,XX6633 PURCHASE 09/25 22:23 Amazon.com*JH0UK Amzn.com/bill WA 00000000 081460,expense,214.5,20250926_00022_expense,supplies,0.55,Monthly bill amount heuristic,966 Kinsbury Court,2026-02-07 00:01:06,2026-02-07 00:01:06,web_user,overridden
