account_number,account_name,date,credit_amount,debit_amount,code,description,reference,memo,transaction_type,amount,transaction_id,property_name,mapping_notes,mapping_status,created_at,updated_at,modified_by
1050106268148,LUST RENTALS,2025-01-02 00:00:00,1100.0,0.0,DDA9,Deposit,,Deposit,income,1100.0,20250102_00100_income,41 26th St,Rule: Deposit 26th st,rule_applied,,,
1050106268148,LUST RENTALS,2025-01-03 00:00:00,995.0,0.0,DDA10,ACH Deposit,,LICKING METROPOL HAPPMT 180052X,income,995.0,20250103_00099_income,118 W Shields St,,overridden,2026-02-06 20:55:37,2026-02-06 20:55:37,web_user
1050106268148,LUST RENTALS,2025-01-23 00:00:00,100.0,0.0,DDA9,Deposit,,Deposit,income,100.0,20250123_00096_income,118 W Shields St,,overridden,2026-02-06 21:05:58,2026-02-06 21:05:58,web_user
1050106268148,LUST RENTALS,2025-02-03 00:00:00,1100.0,0.0,DDA9,Deposit,,Deposit,income,1100.0,20250203_00095_income,41 26th St,Rule: Deposit 26th st,rule_applied,,,
1050106268148,LUST RENTALS,2025-02-04 00:00:00,995.0,0.0,DDA10,ACH Deposit,,LICKING METROPOL HAPPMT 180052X,income,995.0,20250204_00094_income,118 W Shields St,,overridden,2026-02-06 21:05:58,2026-02-06 21:06:14,web_user
1050106268148,LUST RENTALS,2025-03-03 00:00:00,1100.0,0.0,DDA9,Deposit,,Deposit,income,1100.0,20250303_00088_income,41 26th St,Rule: Deposit 26th st,rule_applied,,,
1050106268148,LUST RENTALS,2025-03-04 00:00:00,985.0,0.0,DDA10,ACH Deposit,,LICKING METROPOL HAPPMT 180052X,income,985.0,20250304_00087_income,118 W Shields St,Rule: Shields deposit 985,rule_applied,,,
1050106268148,LUST RENTALS,2025-03-06 00:00:00,200.0,0.0,DDA9,Deposit,,Deposit,income,200.0,20250306_00084_income,118 W Shields St,,overridden,2026-02-06 21:05:58,2026-02-06 21:05:58,web_user
1050106268148,LUST RENTALS,2025-03-14 00:00:00,160.0,0.0,DDA9,Deposit,,Deposit,income,160.0,20250314_00083_income,118 W Shields St,,overridden,2026-02-06 21:05:58,2026-02-06 21:05:58,web_user
1050106268148,LUST RENTALS,2025-04-02 00:00:00,985.0,0.0,DDA10,ACH Deposit,,LICKING METROPOL HAPPMT 180052X,income,985.0,20250402_00080_income,118 W Shields St,Rule: Shields deposit 985,rule_applied,,,
1050106268148,LUST RENTALS,2025-04-02 00:00:00,1100.0,0.0,DDA9,Deposit,,Deposit,income,1100.0,20250402_00081_income,41 26th St,Rule: Deposit 26th st,rule_applied,,,
1050106268148,LUST RENTALS,2025-04-10 00:00:00,120.0,0.0,DDA9,Deposit,,Deposit,income,120.0,20250410_00077_income,118 W Shields St,,overridden,2026-02-06 21:07:09,2026-02-06 21:07:09,web_user
1050106268148,LUST RENTALS,2025-04-18 00:00:00,100.0,0.0,DDA9,Deposit,,Deposit,income,100.0,20250418_00075_income,118 W Shields St,,overridden,2026-02-06 21:07:00,2026-02-06 21:07:00,web_user
1050106268148,LUST RENTALS,2025-05-01 00:00:00,1100.0,0.0,DDA9,Deposit,,Deposit,income,1100.0,20250501_00073_income,41 26th St,Rule: Deposit 26th st,rule_applied,,,
1050106268148,LUST RENTALS,2025-05-02 00:00:00,985.0,0.0,DDA10,ACH Deposit,,LICKING METROPOL HAPPMT 180052X,income,985.0,20250502_00072_income,118 W Shields St,Rule: Shields deposit 985,rule_applied,,,
1050106268148,LUST RENTALS,2025-05-22 00:00:00,215.0,0.0,DDA9,Deposit,,Deposit,income,215.0,20250522_00066_income,118 W Shields St,,overridden,2026-02-06 21:07:00,2026-02-06 21:07:00,web_user
1050106268148,LUST RENTALS,2025-06-03 00:00:00,985.0,0.0,DDA10,ACH Deposit,,LICKING METROPOL HAPPMT 180052X,income,985.0,20250603_00063_income,118 W Shields St,Rule: Shields deposit 985,rule_applied,,,
1050106268148,LUST RENTALS,2025-06-03 00:00:00,1100.0,0.0,DDA9,Deposit,,Deposit,income,1100.0,20250603_00064_income,41 26th St,Rule: Deposit 26th st,rule_applied,,,
1050106268148,LUST RENTALS,2025-06-30 00:00:00,160.0,0.0,DDA9,Deposit,,Deposit,income,160.0,20250630_00056_income,118 W Shields St,,overridden,2026-02-06 21:07:00,2026-02-06 21:07:00,web_user
1050106268148,LUST RENTALS,2025-06-30 00:00:00,2600.0,0.0,DDA9,Deposit,,Deposit,income,2600.0,20250630_00055_income,966 Kinsbury Court,,overridden,2026-02-06 21:07:19,2026-02-06 21:07:19,web_user
1050106268148,LUST RENTALS,2025-07-02 00:00:00,985.0,0.0,DDA10,ACH Deposit,,LICKING METROPOL HAPPMT 180052X,income,985.0,20250702_00054_income,118 W Shields St,Rule: Shields deposit 985,rule_applied,,,
1050106268148,LUST RENTALS,2025-07-03 00:00:00,1100.0,0.0,DDA9,Deposit,,Deposit,income,1100.0,20250703_00053_income,41 26th St,Rule: Deposit 26th st,rule_applied,,,
1050106268148,LUST RENTALS,2025-07-10 00:00:00,200.0,0.0,DDA9,Deposit,,Deposit,income,200.0,20250710_00051_income,118 W Shields St,,overridden,2026-02-06 21:06:27,2026-02-06 21:06:27,web_user
1050106268148,LUST RENTALS,2025-08-04 00:00:00,1100.0,0.0,DDA9,Deposit,,Deposit,income,1100.0,20250804_00043_income,41 26th St,Rule: Deposit 26th st,rule_applied,,,
1050106268148,LUST RENTALS,2025-08-05 00:00:00,985.0,0.0,DDA10,ACH Deposit,,LICKING METROPOL HAPPMT 180052X,income,985.0,20250805_00041_income,118 W Shields St,Rule: Shields deposit 985,rule_applied,,,
1050106268148,LUST RENTALS,2025-09-02 00:00:00,1300.0,0.0,DDA101,Deposit,,Deposit,income,1300.0,20250902_00032_income,966 Kinsbury Court,Rule: Deposit Kingbury,rule_applied,,,
1050106268148,LUST RENTALS,2025-09-03 00:00:00,985.0,0.0,DDA10,ACH Deposit,,LICKING METROPOL HAPPMT 180052X,income,985.0,20250903_00030_income,118 W Shields St,Rule: Shields deposit 985,rule_applied,,,
1050106268148,LUST RENTALS,2025-09-03 00:00:00,1100.0,0.0,DDA9,Deposit,,Deposit,income,1100.0,20250903_00031_income,41 26th St,Rule: Deposit 26th st,rule_applied,,,
1050106268148,LUST RENTALS,2025-09-11 00:00:00,200.0,0.0,DDA9,Deposit,,Deposit,income,200.0,20250911_00028_income,118 W Shields St,,overridden,2026-02-06 21:06:37,2026-02-06 21:06:37,web_user
1050106268148,LUST RENTALS,2025-09-26 00:00:00,10.17,0.0,DDA11,ATM Deposit,,XX6633 RETURN 09/26 12:50 THE HOME DEPOT # NEWARK OH 06222710 526979000210,income,10.17,20250926_00024_income,966 Kinsbury Court,,overridden,2026-02-06 21:05:26,2026-02-06 21:05:26,web_user
1050106268148,LUST RENTALS,2025-09-29 00:00:00,1300.0,0.0,DDA101,Deposit,,Deposit,income,1300.0,20250929_00021_income,966 Kinsbury Court,Rule: Deposit Kingbury,rule_applied,,,
1050106268148,LUST RENTALS,2025-10-02 00:00:00,985.0,0.0,DDA10,ACH Deposit,,LICKING METROPOL HAPPMT 180052X,income,985.0,20251002_00020_income,118 W Shields St,Rule: Shields deposit 985,rule_applied,,,
1050106268148,LUST RENTALS,2025-10-06 00:00:00,1100.0,0.0,DDA9,Deposit,,Deposit,income,1100.0,20251006_00018_income,41 26th St,Rule: Deposit 26th st,rule_applied,,,
1050106268148,LUST RENTALS,2025-11-03 00:00:00,1100.0,0.0,DDA9,Deposit,,Deposit,income,1100.0,20251103_00013_income,41 26th St,Rule: Deposit 26th st,rule_applied,,,
1050106268148,LUST RENTALS,2025-11-03 00:00:00,1300.0,0.0,DDA101,Deposit,,Deposit,income,1300.0,20251103_00012_income,966 Kinsbury Court,Rule: Deposit Kingbury,rule_applied,,,
1050106268148,LUST RENTALS,2025-11-04 00:00:00,985.0,0.0,DDA10,ACH Deposit,,LICKING METROPOL HAPPMT 180052X,income,985.0,20251104_00011_income,118 W Shields St,,overridden,2026-02-06 20:34:42,2026-02-06 20:34:42,web_user
1050106268148,LUST RENTALS,2025-11-06 00:00:00,60.61,0.0,DDA10,ACH Deposit,,Green Pro Lawns PMT REFUND CKFXXXXX2755,income,60.61,20251106_00009_income,41 26th St,Rule: Green Pro Lawns to 26thst,rule_applied,,,
1050106268148,LUST RENTALS,2025-12-01 00:00:00,1100.0,0.0,DDA9,Deposit,,Deposit,income,1100.0,20251201_00007_income,41 26th St,Rule: Deposit 26th st,rule_applied,,,
1050106268148,LUST RENTALS,2025-12-02 00:00:00,985.0,0.0,DDA10,ACH Deposit,,LICKING METROPOL HAPPMT 180052X,income,985.0,20251202_00005_income,118 W Shields St,,overridden,2026-02-06 20:34:13,2026-02-06 20:34:13,web_user
1050106268148,LUST RENTALS,2025-12-09 00:00:00,1300.0,0.0,DDA101,Deposit,,Deposit,income,1300.0,20251209_00003_income,966 Kinsbury Court,test-override,overridden,2026-02-06 20:33:02,2026-02-06 21:10:42,web_user
