Line,Description,Amount
1,Rental income,34375.41
2,Royalties,0.0
3,Other income,0.0
4,Insurance,2749.0
5,Mortgage interest,0.0
6,Other interest,0.0
7,Repairs,0.0
8,Taxes,0.0
9,Other expenses,17181.93
10,Depreciation,0.0
11,Total expenses,19930.93
12,Net income/loss,14444.480000000003
property_summary,,"[{'property_name': '118 W Shields St', 'rental_income': 13295.0, 'transaction_count': 21, 'mapping_missing': 0, 'overridden': 13, 'rule_applied': 8, 'mapped': 0, 'manual_review': 0}, {'property_name': '41 26th St', 'rental_income': 13260.61, 'transaction_count': 13, 'mapping_missing': 0, 'overridden': 0, 'rule_applied': 13, 'mapped': 0, 'manual_review': 0}, {'property_name': '966 Kinsbury Court', 'rental_income': 7810.17, 'transaction_count': 6, 'mapping_missing': 0, 'overridden': 3, 'rule_applied': 3, 'mapped': 0, 'manual_review': 0}, {'property_name': 'Unassigned', 'rental_income': 9.63, 'transaction_count': 1, 'mapping_missing': 1, 'overridden': 0, 'rule_applied': 0, 'mapped': 0, 'manual_review': 0}]"
