Line,Description,Amount
1,Rental income,30929.800000000003
2,Royalties,0.0
3,Other income,0.0
4,Insurance,1898.0
5,Mortgage interest,0.0
6,Other interest,0.0
7,Repairs,0.0
8,Taxes,0.0
9,Other expenses,16668.74
10,Depreciation,0.0
11,Total expenses,18566.74
12,Net income/loss,12363.060000000001
property_summary,,"[{'property_name': '41 26th St', 'rental_income': 12100.0, 'transaction_count': 11, 'manual_review': 0, 'mapped': 11, 'mapping_missing': 0, 'overridden': 0}, {'property_name': '118 W Shields St', 'rental_income': 9574.63, 'transaction_count': 14, 'manual_review': 0, 'mapped': 9, 'mapping_missing': 0, 'overridden': 5}, {'property_name': '966 Kinsbury Court', 'rental_income': 3900.0, 'transaction_count': 3, 'manual_review': 0, 'mapped': 3, 'mapping_missing': 0, 'overridden': 0}, {'property_name': 'UNASSIGNED', 'rental_income': 3355.0, 'transaction_count': 6, 'manual_review': 6, 'mapped': 0, 'mapping_missing': 0, 'overridden': 0}, {'property_name': 'Unassigned', 'rental_income': 2000.17, 'transaction_count': 3, 'manual_review': 0, 'mapped': 0, 'mapping_missing': 3, 'overridden': 0}]"
