account_number,account_name,date,credit_amount,debit_amount,code,description,reference,memo,transaction_type,amount,transaction_id
1050106268148,LUST RENTALS,2025-11-04,985.0,0.0,DDA408,Memo Credit,,LICKING METROPOL HAPPMT 180052X,income,985.0,20251104_00000_income
1050106268148,LUST RENTALS,2025-11-04,0.0,250.0,DDA409,Memo Debit,,COVENTRY CONDO A ONLINE PMT CKFXXXXX2755POS,expense,250.0,20251104_00001_expense
1050106268148,LUST RENTALS,2025-11-03,1300.0,0.0,DDA101,Deposit,,Deposit,income,1300.0,20251103_00002_income
1050106268148,LUST RENTALS,2025-11-03,1100.0,0.0,DDA9,Deposit,,Deposit,income,1100.0,20251103_00003_income
1050106268148,LUST RENTALS,2025-10-21,9.63,0.0,DDA11,ATM Deposit,,XX6633 RETURN 10/21 14:26 AMAZON.COM SEATTLE WA 00000101 599BT6LODUEZ,income,9.63,20251021_00004_income
1050106268148,LUST RENTALS,2025-10-16,0.0,60.61,DDA50,ACH Payment,,GREEN PRO LAWNS ONLINE PMT CKFXXXXX2755POS,expense,60.61,20251016_00005_expense
1050106268148,LUST RENTALS,2025-10-16,0.0,27.85,DDA47,Signature Point of Sale,,XX6633 PURCHASE 10/16 13:20 AMAZON.COM*NM54F SEATTLE WA 00000101 3NWNM3UYSOWW,expense,27.85,20251016_00006_expense
1050106268148,LUST RENTALS,2025-10-06,0.0,15.54,DDA47,Signature Point of Sale,,XX6633 PURCHASE 10/04 20:23 Amazon.com*NV28P Amzn.com/bill WA 00000000 014970,expense,15.54,20251006_00007_expense
1050106268148,LUST RENTALS,2025-10-06,1100.0,0.0,DDA9,Deposit,,Deposit,income,1100.0,20251006_00008_income
1050106268148,LUST RENTALS,2025-10-03,0.0,250.0,DDA50,ACH Payment,,COVENTRY CONDO A ONLINE PMT CKFXXXXX2755POS,expense,250.0,20251003_00009_expense
1050106268148,LUST RENTALS,2025-10-02,985.0,0.0,DDA10,ACH Deposit,,LICKING METROPOL HAPPMT 180052X,income,985.0,20251002_00010_income
1050106268148,LUST RENTALS,2025-09-29,1300.0,0.0,DDA101,Deposit,,Deposit,income,1300.0,20250929_00011_income
1050106268148,LUST RENTALS,2025-09-26,0.0,214.5,DDA47,Signature Point of Sale,,XX6633 PURCHASE 09/25 22:23 Amazon.com*JH0UK Amzn.com/bill WA 00000000 081460,expense,214.5,20250926_00012_expense
1050106268148,LUST RENTALS,2025-09-26,0.0,11.53,DDA46,PIN Purchase,,XX6633 PIN PURCHASE 09/26 13:15 THE HOME DEPOT # NEWARK OH 06222710 526906000080,expense,11.53,20250926_00013_expense
1050106268148,LUST RENTALS,2025-09-26,10.17,0.0,DDA11,ATM Deposit,,XX6633 RETURN 09/26 12:50 THE HOME DEPOT # NEWARK OH 06222710 526979000210,income,10.17,20250926_00014_income
1050106268148,LUST RENTALS,2025-09-25,0.0,10.17,DDA46,PIN Purchase,,XX6633 PIN PURCHASE 09/25 17:05 THE HOME DEPOT # NEWARK OH 06222761 526835002479,expense,10.17,20250925_00015_expense
1050106268148,LUST RENTALS,2025-09-22,0.0,246.66,DDA47,Signature Point of Sale,,XX6633 PURCHASE 09/20 08:05 AMAZON.COM*BH6JS SEATTLE WA 00000101 3T3UTB0XQJTK,expense,246.66,20250922_00016_expense
1050106268148,LUST RENTALS,2025-09-15,0.0,81.0,DDA50,ACH Payment,,NEWARK CITY INCO ONLINE PMT CKFXXXXX2755POS,expense,81.0,20250915_00017_expense
1050106268148,LUST RENTALS,2025-09-11,200.0,0.0,DDA9,Deposit,,Deposit,income,200.0,20250911_00018_income
1050106268148,LUST RENTALS,2025-09-04,0.0,250.0,DDA50,ACH Payment,,COVENTRY CONDO A ONLINE PMT CKFXXXXX2755POS,expense,250.0,20250904_00019_expense
1050106268148,LUST RENTALS,2025-09-03,985.0,0.0,DDA10,ACH Deposit,,LICKING METROPOL HAPPMT 180052X,income,985.0,20250903_00020_income
1050106268148,LUST RENTALS,2025-09-03,1100.0,0.0,DDA9,Deposit,,Deposit,income,1100.0,20250903_00021_income
1050106268148,LUST RENTALS,2025-09-02,1300.0,0.0,DDA101,Deposit,,Deposit,income,1300.0,20250902_00022_income
1050106268148,LUST RENTALS,2025-08-21,0.0,71.25,DDA46,PIN Purchase,,XX6633 PIN PURCHASE 08/21 10:59 THE HOME DEPOT # NEWARK OH 06222774 523379002532,expense,71.25,20250821_00023_expense
1050106268148,LUST RENTALS,2025-08-15,0.0,24.2,DDA50,ACH Payment,,THE ENERGY COOP ONLINE PMT CKFXXXXX2755POS,expense,24.2,20250815_00024_expense
1050106268148,LUST RENTALS,2025-08-15,0.0,10.84,DDA50,ACH Payment,,AMER ELECTRIC ONLINE PMT CKFXXXXX2755POS,expense,10.84,20250815_00025_expense
1050106268148,LUST RENTALS,2025-08-15,0.0,62.88,DDA47,Signature Point of Sale,,XX6633 PURCHASE 08/13 18:33 AMAZON MKTPL*F00 Amzn.com/bill WA 00000000 017765,expense,62.88,20250815_00026_expense
1050106268148,LUST RENTALS,2025-08-08,0.0,69.95,DDA47,Signature Point of Sale,,XX6633 PURCHASE 08/08 12:53 AMAZON MKTPL*6K1 Amzn.com/bill WA 00000000 080271,expense,69.95,20250808_00027_expense
1050106268148,LUST RENTALS,2025-08-06,0.0,139.99,DDA47,Signature Point of Sale,,XX6633 PURCHASE 08/06 02:43 Amazon.com*9Y28P Amzn.com/bill WA 00000000 062580,expense,139.99,20250806_00028_expense
1050106268148,LUST RENTALS,2025-08-06,0.0,69.3,DDA47,Signature Point of Sale,,XX6633 PURCHASE 08/06 02:43 AMAZON MKTPL*IU2 Amzn.com/bill WA 00000000 051508,expense,69.3,20250806_00029_expense
1050106268148,LUST RENTALS,2025-08-05,0.0,449.99,DDA46,PIN Purchase,,XX6633 PIN PURCHASE 08/05 14:20 MICRO ELECTRONIC Columbus OH 99999999 643373,expense,449.99,20250805_00030_expense
1050106268148,LUST RENTALS,2025-08-05,985.0,0.0,DDA10,ACH Deposit,,LICKING METROPOL HAPPMT 180052X,income,985.0,20250805_00031_income
1050106268148,LUST RENTALS,2025-08-04,0.0,250.0,DDA50,ACH Payment,,COVENTRY CONDO A ONLINE PMT CKFXXXXX2755POS,expense,250.0,20250804_00032_expense
1050106268148,LUST RENTALS,2025-08-04,1100.0,0.0,DDA9,Deposit,,Deposit,income,1100.0,20250804_00033_income
1050106268148,LUST RENTALS,2025-07-30,0.0,10.71,DDA47,Signature Point of Sale,,XX6633 PURCHASE 07/29 17:53 AMAZON MKTPL*TX3 Amzn.com/bill WA 00000000 095872,expense,10.71,20250730_00034_expense
1050106268148,LUST RENTALS,2025-07-29,0.0,36.43,DDA47,Signature Point of Sale,,XX6633 PURCHASE 07/28 20:26 AMAZON MKTPL*WZ2 Amzn.com/bill WA 00000000 056027,expense,36.43,20250729_00035_expense
1050106268148,LUST RENTALS,2025-07-23,0.0,8.91,DDA47,Signature Point of Sale,,XX6633 PURCHASE 07/21 12:20 THE HOME DEPOT # NEWARK OH 00000000 040468,expense,8.91,20250723_00036_expense
1050106268148,LUST RENTALS,2025-07-16,0.0,2498.6,DDA50,ACH Payment,,LICKING COUNTY T ONLINE PMT CKFXXXXX2755POS,expense,2498.6,20250716_00037_expense
1050106268148,LUST RENTALS,2025-07-16,0.0,935.85,DDA50,ACH Payment,,LICKING COUNTY T ONLINE PMT CKFXXXXX2755POS,expense,935.85,20250716_00038_expense
1050106268148,LUST RENTALS,2025-07-16,0.0,870.69,DDA50,ACH Payment,,LICKING COUNTY T ONLINE PMT CKFXXXXX2755POS,expense,870.69,20250716_00039_expense
1050106268148,LUST RENTALS,2025-07-16,0.0,650.79,DDA50,ACH Payment,,LICKING COUNTY T ONLINE PMT CKFXXXXX2755POS,expense,650.79,20250716_00040_expense
1050106268148,LUST RENTALS,2025-07-10,200.0,0.0,DDA9,Deposit,,Deposit,income,200.0,20250710_00041_income
1050106268148,LUST RENTALS,2025-07-03,0.0,250.0,DDA50,ACH Payment,,COVENTRY CONDO A ONLINE PMT CKFXXXXX2755POS,expense,250.0,20250703_00042_expense
1050106268148,LUST RENTALS,2025-07-03,1100.0,0.0,DDA9,Deposit,,Deposit,income,1100.0,20250703_00043_income
1050106268148,LUST RENTALS,2025-07-02,985.0,0.0,DDA10,ACH Deposit,,LICKING METROPOL HAPPMT 180052X,income,985.0,20250702_00044_income
1050106268148,LUST RENTALS,2025-06-30,2600.0,0.0,DDA9,Deposit,,Deposit,income,2600.0,20250630_00045_income
1050106268148,LUST RENTALS,2025-06-30,160.0,0.0,DDA9,Deposit,,Deposit,income,160.0,20250630_00046_income
1050106268148,LUST RENTALS,2025-06-27,0.0,47.17,DDA46,PIN Purchase,,XX6633 PIN PURCHASE 06/27 13:37 THE HOME DEPOT # NEWARK OH 06222773 517878002626,expense,47.17,20250627_00047_expense
1050106268148,LUST RENTALS,2025-06-27,0.0,19.58,DDA46,PIN Purchase,,XX6633 PIN PURCHASE 06/27 15:29 THE HOME DEPOT # NEWARK OH 06222761 517801000417,expense,19.58,20250627_00048_expense
1050106268148,LUST RENTALS,2025-06-24,0.0,160.0,DDA51,Check,1037.0,Check #1037,expense,160.0,20250624_00049_expense
1050106268148,LUST RENTALS,2025-06-18,0.0,92.86,DDA50,ACH Payment,,GREEN PRO LAWNS ONLINE PMT CKFXXXXX2755POS,expense,92.86,20250618_00050_expense
1050106268148,LUST RENTALS,2025-06-09,0.0,100.0,DDA51,Check,1157.0,Check #1157,expense,100.0,20250609_00051_expense
1050106268148,LUST RENTALS,2025-06-04,0.0,250.0,DDA50,ACH Payment,,COVENTRY CONDO A ONLINE PMT CKFXXXXX2755POS,expense,250.0,20250604_00052_expense
1050106268148,LUST RENTALS,2025-06-03,985.0,0.0,DDA10,ACH Deposit,,LICKING METROPOL HAPPMT 180052X,income,985.0,20250603_00053_income
1050106268148,LUST RENTALS,2025-06-03,1100.0,0.0,DDA9,Deposit,,Deposit,income,1100.0,20250603_00054_income
1050106268148,LUST RENTALS,2025-06-02,0.0,244.0,DDA50,ACH Payment,,STATE FARM INS ONLINE PMT CKFXXXXX2755POS,expense,244.0,20250602_00055_expense
1050106268148,LUST RENTALS,2025-05-22,215.0,0.0,DDA9,Deposit,,Deposit,income,215.0,20250522_00056_income
1050106268148,LUST RENTALS,2025-05-15,0.0,201.0,DDA50,ACH Payment,,GREEN PRO LAWNS ONLINE PMT CKFXXXXX2755POS,expense,201.0,20250515_00057_expense
1050106268148,LUST RENTALS,2025-05-12,0.0,240.0,DDA51,Check,1118.0,Check #1118,expense,240.0,20250512_00058_expense
1050106268148,LUST RENTALS,2025-05-06,0.0,120.0,DDA51,Check,1117.0,Check #1117,expense,120.0,20250506_00059_expense
1050106268148,LUST RENTALS,2025-05-05,0.0,58.96,DDA46,PIN Purchase,,XX6633 PIN PURCHASE 05/04 13:11 THE HOME DEPOT # NEWARK OH 06222773 512430000895,expense,58.96,20250505_00060_expense
1050106268148,LUST RENTALS,2025-05-02,0.0,250.0,DDA50,ACH Payment,,COVENTRY CONDO A ONLINE PMT CKFXXXXX2755POS,expense,250.0,20250502_00061_expense
1050106268148,LUST RENTALS,2025-05-02,985.0,0.0,DDA10,ACH Deposit,,LICKING METROPOL HAPPMT 180052X,income,985.0,20250502_00062_income
1050106268148,LUST RENTALS,2025-05-01,1100.0,0.0,DDA9,Deposit,,Deposit,income,1100.0,20250501_00063_income
1050106268148,LUST RENTALS,2025-04-25,0.0,405.0,DDA51,Check,1116.0,Check #1116,expense,405.0,20250425_00064_expense
1050106268148,LUST RENTALS,2025-04-18,100.0,0.0,DDA9,Deposit,,Deposit,income,100.0,20250418_00065_income
1050106268148,LUST RENTALS,2025-04-16,0.0,275.0,DDA50,ACH Payment,,RUSS AND ASSOCIA ONLINE PMT CKFXXXXX2755POS,expense,275.0,20250416_00066_expense
1050106268148,LUST RENTALS,2025-04-10,120.0,0.0,DDA9,Deposit,,Deposit,income,120.0,20250410_00067_income
1050106268148,LUST RENTALS,2025-04-04,0.0,250.0,DDA50,ACH Payment,,COVENTRY CONDO A ONLINE PMT CKFXXXXX2755POS,expense,250.0,20250404_00068_expense
1050106268148,LUST RENTALS,2025-04-02,0.0,140.0,DDA50,ACH Payment,,BURT TEAGUE ONLINE PMT CKFXXXXX2755POS,expense,140.0,20250402_00069_expense
1050106268148,LUST RENTALS,2025-04-02,985.0,0.0,DDA10,ACH Deposit,,LICKING METROPOL HAPPMT 180052X,income,985.0,20250402_00070_income
1050106268148,LUST RENTALS,2025-04-02,1100.0,0.0,DDA9,Deposit,,Deposit,income,1100.0,20250402_00071_income
1050106268148,LUST RENTALS,2025-03-19,0.0,525.0,DDA51,Check,995251.0,Check #995251,expense,525.0,20250319_00072_expense
1050106268148,LUST RENTALS,2025-03-14,160.0,0.0,DDA9,Deposit,,Deposit,income,160.0,20250314_00073_income
1050106268148,LUST RENTALS,2025-03-06,200.0,0.0,DDA9,Deposit,,Deposit,income,200.0,20250306_00074_income
1050106268148,LUST RENTALS,2025-03-04,0.0,821.0,DDA50,ACH Payment,,STATE FARM ONLINE PMT CKFXXXXX2755POS,expense,821.0,20250304_00075_expense
1050106268148,LUST RENTALS,2025-03-04,0.0,250.0,DDA50,ACH Payment,,COVENTRY CONDO A ONLINE PMT CKFXXXXX2755POS,expense,250.0,20250304_00076_expense
1050106268148,LUST RENTALS,2025-03-04,985.0,0.0,DDA10,ACH Deposit,,LICKING METROPOL HAPPMT 180052X,income,985.0,20250304_00077_income
1050106268148,LUST RENTALS,2025-03-03,1100.0,0.0,DDA9,Deposit,,Deposit,income,1100.0,20250303_00078_income
1050106268148,LUST RENTALS,2025-02-20,0.0,2498.6,DDA50,ACH Payment,,LICKING COUNTY T ONLINE PMT CKFXXXXX2755POS,expense,2498.6,20250220_00079_expense
1050106268148,LUST RENTALS,2025-02-20,0.0,935.85,DDA50,ACH Payment,,LICKING COUNTY T ONLINE PMT CKFXXXXX2755POS,expense,935.85,20250220_00080_expense
1050106268148,LUST RENTALS,2025-02-20,0.0,870.69,DDA50,ACH Payment,,LICKING COUNTY T ONLINE PMT CKFXXXXX2755POS,expense,870.69,20250220_00081_expense
1050106268148,LUST RENTALS,2025-02-20,0.0,650.79,DDA50,ACH Payment,,LICKING COUNTY T ONLINE PMT CKFXXXXX2755POS,expense,650.79,20250220_00082_expense
1050106268148,LUST RENTALS,2025-02-04,0.0,250.0,DDA50,ACH Payment,,COVENTRY CONDO A ONLINE PMT CKFXXXXX2755POS,expense,250.0,20250204_00083_expense
1050106268148,LUST RENTALS,2025-02-04,995.0,0.0,DDA10,ACH Deposit,,LICKING METROPOL HAPPMT 180052X,income,995.0,20250204_00084_income
1050106268148,LUST RENTALS,2025-02-03,1100.0,0.0,DDA9,Deposit,,Deposit,income,1100.0,20250203_00085_income
1050106268148,LUST RENTALS,2025-01-23,100.0,0.0,DDA9,Deposit,,Deposit,income,100.0,20250123_00086_income
1050106268148,LUST RENTALS,2025-01-22,0.0,833.0,DDA50,ACH Payment,,STATE FARM ONLINE PMT CKFXXXXX2755POS,expense,833.0,20250122_00087_expense
1050106268148,LUST RENTALS,2025-01-03,0.0,250.0,DDA50,ACH Payment,,COVENTRY CONDO A ONLINE PMT CKFXXXXX2755POS,expense,250.0,20250103_00088_expense
1050106268148,LUST RENTALS,2025-01-03,995.0,0.0,DDA10,ACH Deposit,,LICKING METROPOL HAPPMT 180052X,income,995.0,20250103_00089_income
1050106268148,LUST RENTALS,2025-01-02,1100.0,0.0,DDA9,Deposit,,Deposit,income,1100.0,20250102_00090_income
