account_number,account_name,date,credit_amount,debit_amount,code,description,reference,memo,transaction_type,amount,transaction_id,property_name,mapping_notes,mapping_status,created_at,updated_at,modified_by
1050106268148,LUST RENTALS,2025-09-26,10.17,0.0,DDA11,ATM Deposit,,XX6633 RETURN 09/26 12:50 THE HOME DEPOT # NEWARK OH 06222710 526979000210,income,10.17,20250926_00014_income,,,mapping_missing,,,
1050106268148,LUST RENTALS,2025-06-30,2600.0,0.0,DDA9,Deposit,,Deposit,income,2600.0,20250630_00045_income,UNASSIGNED,maybe 2 rents or catch-up – split manually,manual_review,,,
1050106268148,LUST RENTALS,2025-06-30,160.0,0.0,DDA9,Deposit,,Deposit,income,160.0,20250630_00046_income,UNASSIGNED,small/renter – set manually,manual_review,,,
1050106268148,LUST RENTALS,2025-05-22,215.0,0.0,DDA9,Deposit,,Deposit,income,215.0,20250522_00056_income,UNASSIGNED,small/renter – set manually,manual_review,,,
1050106268148,LUST RENTALS,2025-04-10,120.0,0.0,DDA9,Deposit,,Deposit,income,120.0,20250410_00067_income,UNASSIGNED,small/renter – set manually,manual_review,,,
1050106268148,LUST RENTALS,2025-03-14,160.0,0.0,DDA9,Deposit,,Deposit,income,160.0,20250314_00073_income,UNASSIGNED,small/renter – set manually,manual_review,,,
1050106268148,LUST RENTALS,2025-02-04,995.0,0.0,DDA10,ACH Deposit,,LICKING METROPOL HAPPMT 180052X,income,995.0,20250204_00084_income,,,mapping_missing,,,
1050106268148,LUST RENTALS,2025-01-03,995.0,0.0,DDA10,ACH Deposit,,LICKING METROPOL HAPPMT 180052X,income,995.0,20250103_00089_income,,,mapping_missing,,,
