account_number,account_name,date,credit_amount,debit_amount,code,description,reference,memo,transaction_type,amount,transaction_id,category,confidence,match_reason,property_name,created_at,updated_at,modified_by,category_status
1050106268148,LUST RENTALS,2025-12-19,0.0,851.0,DDA50,ACH Payment,,STATE FARM ONLINE PMT CKFXXXXX2755POS,expense,851.0,20251219_00000_expense,insurance,0.95,Matched merchant: 'state farm',118 W Shields St,2026-02-06 20:33:02,2026-02-07 01:20:52,web_user,overridden
1050106268148,LUST RENTALS,2025-12-18,0.0,11.0,DDA50,ACH Payment,,NEWARK CITY INCO ONLINE PMT CKFXXXXX2755POS,expense,11.0,20251218_00001_expense,taxes,0.0,No matching rule found,Lust Rentals LLC,2026-02-07 00:36:47,2026-02-07 00:36:47,web_user,overridden
1050106268148,LUST RENTALS,2025-12-15,0.0,22.19,DDA47,Signature Point of Sale,,XX6633 PURCHASE 12/14 17:46 DNH GODADDY#3970 480-5058855 AZ 29283000 024048,expense,22.19,20251215_00002_expense,supplies,0.0,No matching rule found,966 Kinsbury Court,2026-02-07 00:35:15,2026-02-07 00:35:15,web_user,overridden
1050106268148,LUST RENTALS,2025-12-04,0.0,250.0,DDA50,ACH Payment,,COVENTRY CONDO A ONLINE PMT CKFXXXXX2755POS,expense,250.0,20251204_00004_expense,hoa,1.0,Matched rule: Coventry move HOA fee,966 Kinsbury Court,2026-02-07 01:21:24,2026-02-07 01:21:24,web_user,overridden
1050106268148,LUST RENTALS,2025-12-01,0.0,115.0,DDA50,ACH Payment,,DAVE RILEY DRAIN ONLINE PMT CKFXXXXX2755POS,expense,115.0,20251201_00006_expense,maintenance,0.0,No matching rule found,118 W Shields St,2026-02-07 01:23:31,2026-02-07 01:23:31,web_user,overridden
1050106268148,LUST RENTALS,2025-11-13,0.0,115.0,DDA50,ACH Payment,,DAVE RILEY DRAIN ONLINE PMT CKFXXXXX2755POS,expense,115.0,20251113_00008_expense,repairs,0.0,No matching rule found,118 W Shields St,2026-02-06 23:59:41,2026-02-06 23:59:41,web_user,overridden
1050106268148,LUST RENTALS,2025-11-04,0.0,250.0,DDA50,ACH Payment,,COVENTRY CONDO A ONLINE PMT CKFXXXXX2755POS,expense,250.0,20251104_00010_expense,hoa,1.0,Matched rule: Coventry move HOA fee,966 Kinsbury Court,2026-02-07 01:29:01,2026-02-07 01:29:01,web_user,overridden
1050106268148,LUST RENTALS,2025-10-16,0.0,60.61,DDA50,ACH Payment,,GREEN PRO LAWNS ONLINE PMT CKFXXXXX2755POS,expense,60.61,20251016_00015_expense,landscaping,1.0,Matched rule: Green Pro Lawns to 26thst,41 26th St,,,,original
1050106268148,LUST RENTALS,2025-10-16,0.0,27.85,DDA47,Signature Point of Sale,,XX6633 PURCHASE 10/16 13:20 AMAZON.COM*NM54F SEATTLE WA 00000101 3NWNM3UYSOWW,expense,27.85,20251016_00016_expense,supplies,0.0,No matching rule found,966 Kinsbury Court,2026-02-07 00:34:56,2026-02-07 00:34:56,web_user,overridden
1050106268148,LUST RENTALS,2025-10-06,0.0,15.54,DDA47,Signature Point of Sale,,XX6633 PURCHASE 10/04 20:23 Amazon.com*NV28P Amzn.com/bill WA 00000000 014970,expense,15.54,20251006_00017_expense,supplies,0.0,No matching rule found,966 Kinsbury Court,2026-02-07 00:38:17,2026-02-07 00:38:17,web_user,overridden
1050106268148,LUST RENTALS,2025-10-03,0.0,250.0,DDA50,ACH Payment,,COVENTRY CONDO A ONLINE PMT CKFXXXXX2755POS,expense,250.0,20251003_00019_expense,hoa,1.0,Matched rule: Coventry move HOA fee,966 Kinsbury Court,2026-02-07 01:29:20,2026-02-07 01:29:20,web_user,overridden
1050106268148,LUST RENTALS,2025-09-26,0.0,214.5,DDA47,Signature Point of Sale,,XX6633 PURCHASE 09/25 22:23 Amazon.com*JH0UK Amzn.com/bill WA 00000000 081460,expense,214.5,20250926_00022_expense,supplies,0.55,Monthly bill amount heuristic,966 Kinsbury Court,2026-02-07 00:01:06,2026-02-07 00:01:06,web_user,overridden
1050106268148,LUST RENTALS,2025-09-26,0.0,11.53,DDA46,PIN Purchase,,XX6633 PIN PURCHASE 09/26 13:15 THE HOME DEPOT # NEWARK OH 06222710 526906000080,expense,11.53,20250926_00023_expense,repairs,1.0,Matched rule: Home Depot Repair,41 26th St,2026-02-07 00:36:05,2026-02-07 00:36:05,web_user,overridden
1050106268148,LUST RENTALS,2025-09-25,0.0,10.17,DDA46,PIN Purchase,,XX6633 PIN PURCHASE 09/25 17:05 THE HOME DEPOT # NEWARK OH 06222761 526835002479,expense,10.17,20250925_00025_expense,supplies,1.0,Matched rule: Home Depot Repair,966 Kinsbury Court,2026-02-07 00:37:44,2026-02-07 00:37:44,web_user,overridden
1050106268148,LUST RENTALS,2025-09-22,0.0,246.66,DDA47,Signature Point of Sale,,XX6633 PURCHASE 09/20 08:05 AMAZON.COM*BH6JS SEATTLE WA 00000101 3T3UTB0XQJTK,expense,246.66,20250922_00026_expense,supplies,0.0,No matching rule found,966 Kinsbury Court,2026-02-07 01:21:55,2026-02-07 01:21:55,web_user,overridden
1050106268148,LUST RENTALS,2025-09-15,0.0,81.0,DDA50,ACH Payment,,NEWARK CITY INCO ONLINE PMT CKFXXXXX2755POS,expense,81.0,20250915_00027_expense,taxes,0.0,No matching rule found,Lust Rentals LLC,2026-02-07 01:22:52,2026-02-07 01:22:52,web_user,overridden
1050106268148,LUST RENTALS,2025-09-04,0.0,250.0,DDA50,ACH Payment,,COVENTRY CONDO A ONLINE PMT CKFXXXXX2755POS,expense,250.0,20250904_00029_expense,hoa,1.0,Matched rule: Coventry move HOA fee,41 26th St,2026-02-07 01:29:27,2026-02-07 01:29:27,web_user,overridden
1050106268148,LUST RENTALS,2025-08-21,0.0,71.25,DDA46,PIN Purchase,,XX6633 PIN PURCHASE 08/21 10:59 THE HOME DEPOT # NEWARK OH 06222774 523379002532,expense,71.25,20250821_00033_expense,supplies,1.0,Matched rule: Home Depot Repair,966 Kinsbury Court,2026-02-07 00:52:08,2026-02-07 00:52:08,web_user,overridden
1050106268148,LUST RENTALS,2025-08-15,0.0,24.2,DDA50,ACH Payment,,THE ENERGY COOP ONLINE PMT CKFXXXXX2755POS,expense,24.2,20250815_00034_expense,utilities,0.0,No matching rule found,966 Kinsbury Court,2026-02-08 18:19:52,2026-02-08 18:19:52,web_user,overridden
1050106268148,LUST RENTALS,2025-08-15,0.0,10.84,DDA50,ACH Payment,,AMER ELECTRIC ONLINE PMT CKFXXXXX2755POS,expense,10.84,20250815_00035_expense,utilities,0.95,Matched merchant: 'electric',966 Kinsbury Court,2026-02-07 00:37:06,2026-02-07 00:37:06,web_user,overridden
1050106268148,LUST RENTALS,2025-08-15,0.0,62.88,DDA47,Signature Point of Sale,,XX6633 PURCHASE 08/13 18:33 AMAZON MKTPL*F00 Amzn.com/bill WA 00000000 017765,expense,62.88,20250815_00036_expense,supplies,0.55,Monthly bill amount heuristic,966 Kinsbury Court,2026-02-07 00:01:06,2026-02-07 00:01:06,web_user,overridden
1050106268148,LUST RENTALS,2025-08-08,0.0,69.95,DDA47,Signature Point of Sale,,XX6633 PURCHASE 08/08 12:53 AMAZON MKTPL*6K1 Amzn.com/bill WA 00000000 080271,expense,69.95,20250808_00037_expense,repairs,0.55,Monthly bill amount heuristic,966 Kinsbury Court,2026-02-06 21:12:48,2026-02-06 21:12:48,web_user,overridden
1050106268148,LUST RENTALS,2025-08-06,0.0,139.99,DDA47,Signature Point of Sale,,XX6633 PURCHASE 08/06 02:43 Amazon.com*9Y28P Amzn.com/bill WA 00000000 062580,expense,139.99,20250806_00038_expense,supplies,0.55,Monthly bill amount heuristic,966 Kinsbury Court,2026-02-07 00:00:21,2026-02-07 01:23:44,web_user,overridden
1050106268148,LUST RENTALS,2025-08-06,0.0,69.3,DDA47,Signature Point of Sale,,XX6633 PURCHASE 08/06 02:43 AMAZON MKTPL*IU2 Amzn.com/bill WA 00000000 051508,expense,69.3,20250806_00039_expense,supplies,0.55,Monthly bill amount heuristic,966 Kinsbury Court,2026-02-07 00:00:21,2026-02-07 00:00:21,web_user,overridden
1050106268148,LUST RENTALS,2025-08-05,0.0,449.99,DDA46,PIN Purchase,,XX6633 PIN PURCHASE 08/05 14:20 MICRO ELECTRONIC Columbus OH 99999999 643373,expense,449.99,20250805_00040_expense,supplies,0.0,No matching rule found,Lust Rentals LLC,2026-02-07 00:52:41,2026-02-07 00:52:41,web_user,overridden
1050106268148,LUST RENTALS,2025-08-04,0.0,250.0,DDA50,ACH Payment,,COVENTRY CONDO A ONLINE PMT CKFXXXXX2755POS,expense,250.0,20250804_00042_expense,hoa,1.0,Matched rule: Coventry move HOA fee,966 Kinsbury Court,2026-02-07 01:29:37,2026-02-07 01:29:37,web_user,overridden
1050106268148,LUST RENTALS,2025-07-30,0.0,10.71,DDA47,Signature Point of Sale,,XX6633 PURCHASE 07/29 17:53 AMAZON MKTPL*TX3 Amzn.com/bill WA 00000000 095872,expense,10.71,20250730_00044_expense,supplies,0.0,No matching rule found,966 Kinsbury Court,2026-02-07 00:37:21,2026-02-07 00:37:21,web_user,overridden
1050106268148,LUST RENTALS,2025-07-29,0.0,36.43,DDA47,Signature Point of Sale,,XX6633 PURCHASE 07/28 20:26 AMAZON MKTPL*WZ2 Amzn.com/bill WA 00000000 056027,expense,36.43,20250729_00045_expense,supplies,0.0,No matching rule found,966 Kinsbury Court,2026-02-07 00:34:36,2026-02-07 00:34:36,web_user,overridden
1050106268148,LUST RENTALS,2025-07-23,0.0,8.91,DDA47,Signature Point of Sale,,XX6633 PURCHASE 07/21 12:20 THE HOME DEPOT # NEWARK OH 00000000 040468,expense,8.91,20250723_00046_expense,supplies,1.0,Matched rule: Home Depot Repair,118 W Shields St,2026-02-07 00:37:58,2026-02-07 00:37:58,web_user,overridden
1050106268148,LUST RENTALS,2025-07-16,0.0,2498.6,DDA50,ACH Payment,,LICKING COUNTY T ONLINE PMT CKFXXXXX2755POS,expense,2498.6,20250716_00047_expense,mortgage_interest,0.6,Large regular payment heuristic,,,,,original
1050106268148,LUST RENTALS,2025-07-16,0.0,935.85,DDA50,ACH Payment,,LICKING COUNTY T ONLINE PMT CKFXXXXX2755POS,expense,935.85,20250716_00048_expense,taxes,0.0,No matching rule found,41 26th St,2026-02-07 01:16:46,2026-02-07 01:16:46,web_user,overridden
1050106268148,LUST RENTALS,2025-07-16,0.0,870.69,DDA50,ACH Payment,,LICKING COUNTY T ONLINE PMT CKFXXXXX2755POS,expense,870.69,20250716_00049_expense,taxes,0.0,No matching rule found,966 Kinsbury Court,2026-02-07 01:17:16,2026-02-07 01:17:26,web_user,overridden
1050106268148,LUST RENTALS,2025-07-16,0.0,650.79,DDA50,ACH Payment,,LICKING COUNTY T ONLINE PMT CKFXXXXX2755POS,expense,650.79,20250716_00050_expense,taxes,0.0,No matching rule found,118 W Shields St,2026-02-07 01:18:26,2026-02-07 01:18:26,web_user,overridden
1050106268148,LUST RENTALS,2025-07-03,0.0,250.0,DDA50,ACH Payment,,COVENTRY CONDO A ONLINE PMT CKFXXXXX2755POS,expense,250.0,20250703_00052_expense,hoa,1.0,Matched rule: Coventry move HOA fee,966 Kinsbury Court,2026-02-07 01:30:15,2026-02-07 01:30:15,web_user,overridden
1050106268148,LUST RENTALS,2025-06-27,0.0,47.17,DDA46,PIN Purchase,,XX6633 PIN PURCHASE 06/27 13:37 THE HOME DEPOT # NEWARK OH 06222773 517878002626,expense,47.17,20250627_00057_expense,repairs,1.0,Matched rule: Home Depot Repair,966 Kinsbury Court,2026-02-07 00:34:05,2026-02-07 00:34:17,web_user,overridden
1050106268148,LUST RENTALS,2025-06-27,0.0,19.58,DDA46,PIN Purchase,,XX6633 PIN PURCHASE 06/27 15:29 THE HOME DEPOT # NEWARK OH 06222761 517801000417,expense,19.58,20250627_00058_expense,supplies,1.0,Matched rule: Home Depot Repair,41 26th St,2026-02-07 00:35:38,2026-02-07 00:35:38,web_user,overridden
1050106268148,LUST RENTALS,2025-06-24,0.0,160.0,DDA51,Check,1037.0,Check #1037,expense,160.0,20250624_00059_expense,maintenance,0.0,No matching rule found,41 26th St,2026-02-07 00:57:37,2026-02-07 00:57:37,web_user,overridden
1050106268148,LUST RENTALS,2025-06-18,0.0,92.86,DDA50,ACH Payment,,GREEN PRO LAWNS ONLINE PMT CKFXXXXX2755POS,expense,92.86,20250618_00060_expense,landscaping,1.0,Matched rule: Green Pro Lawns to 26thst,41 26th St,,,,original
1050106268148,LUST RENTALS,2025-06-09,0.0,100.0,DDA51,Check,1157.0,Check #1157,expense,100.0,20250609_00061_expense,repairs,0.0,No matching rule found,118 W Shields St,2026-02-07 01:30:01,2026-02-07 01:30:01,web_user,overridden
1050106268148,LUST RENTALS,2025-06-04,0.0,250.0,DDA50,ACH Payment,,COVENTRY CONDO A ONLINE PMT CKFXXXXX2755POS,expense,250.0,20250604_00062_expense,hoa,1.0,Matched rule: Coventry move HOA fee,966 Kinsbury Court,2026-02-07 01:30:23,2026-02-07 01:30:23,web_user,overridden
1050106268148,LUST RENTALS,2025-06-02,0.0,244.0,DDA50,ACH Payment,,STATE FARM INS ONLINE PMT CKFXXXXX2755POS,expense,244.0,20250602_00065_expense,insurance,0.95,Matched merchant: 'state farm',118 W Shields St,2026-02-07 01:22:17,2026-02-07 01:22:17,web_user,overridden
1050106268148,LUST RENTALS,2025-05-15,0.0,201.0,DDA50,ACH Payment,,GREEN PRO LAWNS ONLINE PMT CKFXXXXX2755POS,expense,201.0,20250515_00067_expense,landscaping,1.0,Matched rule: Green Pro Lawns to 26thst,41 26th St,,,,original
1050106268148,LUST RENTALS,2025-05-12,0.0,240.0,DDA51,Check,1118.0,Check #1118,expense,240.0,20250512_00068_expense,maintenance,0.0,No matching rule found,41 26th St,2026-02-07 00:46:54,2026-02-07 00:46:54,web_user,overridden
1050106268148,LUST RENTALS,2025-05-06,0.0,120.0,DDA51,Check,1117.0,Check #1117,expense,120.0,20250506_00069_expense,maintenance,0.0,No matching rule found,41 26th St,2026-02-07 00:48:07,2026-02-07 00:48:07,web_user,overridden
1050106268148,LUST RENTALS,2025-05-05,0.0,58.96,DDA46,PIN Purchase,,XX6633 PIN PURCHASE 05/04 13:11 THE HOME DEPOT # NEWARK OH 06222773 512430000895,expense,58.96,20250505_00070_expense,supplies,1.0,Matched rule: Home Depot Repair,966 Kinsbury Court,2026-02-07 00:33:37,2026-02-07 00:33:37,web_user,overridden
1050106268148,LUST RENTALS,2025-05-02,0.0,250.0,DDA50,ACH Payment,,COVENTRY CONDO A ONLINE PMT CKFXXXXX2755POS,expense,250.0,20250502_00071_expense,hoa,1.0,Matched rule: Coventry move HOA fee,966 Kinsbury Court,2026-02-07 01:30:36,2026-02-07 01:30:36,web_user,overridden
1050106268148,LUST RENTALS,2025-04-25,0.0,405.0,DDA51,Check,1116.0,Check #1116,expense,405.0,20250425_00074_expense,taxes,0.0,No matching rule found,Lust Rentals LLC,2026-02-07 00:51:35,2026-02-07 00:51:35,web_user,overridden
1050106268148,LUST RENTALS,2025-04-16,0.0,275.0,DDA50,ACH Payment,,RUSS AND ASSOCIA ONLINE PMT CKFXXXXX2755POS,expense,275.0,20250416_00076_expense,taxes,0.0,No matching rule found,Lust Rentals LLC,2026-02-06 21:14:00,2026-02-06 21:14:00,web_user,overridden
1050106268148,LUST RENTALS,2025-04-04,0.0,250.0,DDA50,ACH Payment,,COVENTRY CONDO A ONLINE PMT CKFXXXXX2755POS,expense,250.0,20250404_00078_expense,hoa,1.0,Matched rule: Coventry move HOA fee,966 Kinsbury Court,2026-02-07 01:30:59,2026-02-07 01:30:59,web_user,overridden
1050106268148,LUST RENTALS,2025-04-02,0.0,140.0,DDA50,ACH Payment,,BURT TEAGUE ONLINE PMT CKFXXXXX2755POS,expense,140.0,20250402_00079_expense,maintenance,0.0,No matching rule found,118 W Shields St,2026-02-07 01:24:15,2026-02-07 01:24:15,web_user,overridden
1050106268148,LUST RENTALS,2025-03-19,0.0,525.0,DDA51,Check,995251.0,Check #995251,expense,525.0,20250319_00082_expense,taxes,0.0,No matching rule found,Lust Rentals LLC,2026-02-07 00:50:01,2026-02-07 00:50:01,web_user,overridden
1050106268148,LUST RENTALS,2025-03-04,0.0,821.0,DDA50,ACH Payment,,STATE FARM ONLINE PMT CKFXXXXX2755POS,expense,821.0,20250304_00085_expense,insurance,0.95,Matched merchant: 'state farm',41 26th St,2026-02-07 01:19:19,2026-02-07 01:19:19,web_user,overridden
1050106268148,LUST RENTALS,2025-03-04,0.0,250.0,DDA50,ACH Payment,,COVENTRY CONDO A ONLINE PMT CKFXXXXX2755POS,expense,250.0,20250304_00086_expense,hoa,1.0,Matched rule: Coventry move HOA fee,966 Kinsbury Court,2026-02-07 01:30:53,2026-02-07 01:30:53,web_user,overridden
1050106268148,LUST RENTALS,2025-02-20,0.0,2498.6,DDA50,ACH Payment,,LICKING COUNTY T ONLINE PMT CKFXXXXX2755POS,expense,2498.6,20250220_00089_expense,mortgage_interest,0.6,Large regular payment heuristic,,,,,original
1050106268148,LUST RENTALS,2025-02-20,0.0,935.85,DDA50,ACH Payment,,LICKING COUNTY T ONLINE PMT CKFXXXXX2755POS,expense,935.85,20250220_00090_expense,insurance,0.0,No matching rule found,41 26th St,2026-02-07 01:16:31,2026-02-07 01:16:31,web_user,overridden
1050106268148,LUST RENTALS,2025-02-20,0.0,870.69,DDA50,ACH Payment,,LICKING COUNTY T ONLINE PMT CKFXXXXX2755POS,expense,870.69,20250220_00091_expense,taxes,0.0,No matching rule found,966 Kinsbury Court,2026-02-07 01:17:36,2026-02-07 01:17:36,web_user,overridden
1050106268148,LUST RENTALS,2025-02-20,0.0,650.79,DDA50,ACH Payment,,LICKING COUNTY T ONLINE PMT CKFXXXXX2755POS,expense,650.79,20250220_00092_expense,taxes,0.0,No matching rule found,118 W Shields St,2026-02-07 00:01:06,2026-02-07 01:18:50,web_user,overridden
1050106268148,LUST RENTALS,2025-02-04,0.0,250.0,DDA50,ACH Payment,,COVENTRY CONDO A ONLINE PMT CKFXXXXX2755POS,expense,250.0,20250204_00093_expense,hoa,1.0,Matched rule: Coventry move HOA fee,966 Kinsbury Court,2026-02-07 01:30:46,2026-02-07 01:30:46,web_user,overridden
1050106268148,LUST RENTALS,2025-01-22,0.0,833.0,DDA50,ACH Payment,,STATE FARM ONLINE PMT CKFXXXXX2755POS,expense,833.0,20250122_00097_expense,insurance,0.95,Matched merchant: 'state farm',118 W Shields St,2026-02-07 01:14:56,2026-02-07 01:14:56,web_user,overridden
1050106268148,LUST RENTALS,2025-01-03,0.0,250.0,DDA50,ACH Payment,,COVENTRY CONDO A ONLINE PMT CKFXXXXX2755POS,expense,250.0,20250103_00098_expense,hoa,1.0,Matched rule: Coventry move HOA fee,966 Kinsbury Court,2026-02-07 00:57:53,2026-02-07 00:57:53,web_user,overridden
